iter	AUC	Logloss
0	0.912250191	0.5409587716
99	0.9718583226	0.04576286078
